Workbook

Sheet Состав
A1: Стратегическая сессия 14–16 октября 2026 — состав, билеты, отель
A2: Актуализировано 25.09.2026 · сессия перенесена с 7–9 на 14–16 октября · города — по штатке на 15.09.2026, Назаренко — на 24.09.2026, Шияфетдинов и Давыдов — со слов (в штатке пока нет)
A4: № | B4: ФИО | C4: Отдел | D4: Город | E4: 14 окт | F4: 15 окт | G4: 16 окт | H4: Заезд | I4: Выезд | J4: Ночей | K4: Билеты | L4: Примечание
A5: ВСЕ ТРИ ДНЯ · 14–16 ОКТЯБРЯ · ЗАЕЗД В ОТЕЛЬ 13 ОКТЯБРЯ
A6: 1 | B6: Чермошенцев Вадим | C6: Управление (CEO) | D6: Москва | E6: Да | F6: Да | G6: Да | H6: 46308 | I6: =IF(D6="Москва",DATE(2026,10,16),DATE(2026,10,17)) | J6: =I6-H6 | K6: =IF(D6="Москва","не нужны","14 окт / 17 окт")
A7: 2 | B7: Печенев Андрей | C7: Управление (ИИ-директор) | D7: Москва | E7: Да | F7: Да | G7: Да | H7: 46308 | I7: =IF(D7="Москва",DATE(2026,10,16),DATE(2026,10,17)) | J7: =I7-H7 | K7: =IF(D7="Москва","не нужны","14 окт / 17 окт")
A8: 3 | B8: Шияфетдинов Дамир | C8: Управление (CDO) | D8: Москва | E8: Да | F8: Да | G8: Да | H8: 46308 | I8: =IF(D8="Москва",DATE(2026,10,16),DATE(2026,10,17)) | J8: =I8-H8 | K8: =IF(D8="Москва","не нужны","14 окт / 17 окт") | L8: Добавлен 25.09.2026; в штатке пока нет — должность и город со слов
A9: 4 | B9: Платохин Александр | C9: Коммерческий | D9: Москва | E9: Да | F9: Да | G9: Да | H9: 46308 | I9: =IF(D9="Москва",DATE(2026,10,16),DATE(2026,10,17)) | J9: =I9-H9 | K9: =IF(D9="Москва","не нужны","14 окт / 17 окт")
A10: 5 | B10: Зеленцов Александр | C10: Финансовый | D10: Москва | E10: Да | F10: Да | G10: Да | H10: 46308 | I10: =IF(D10="Москва",DATE(2026,10,16),DATE(2026,10,17)) | J10: =I10-H10 | K10: =IF(D10="Москва","не нужны","14 окт / 17 окт")
A11: 6 | B11: Головко Илья | C11: Продуктовый | D11: Москва | E11: Да | F11: Да | G11: Да | H11: 46308 | I11: =IF(D11="Москва",DATE(2026,10,16),DATE(2026,10,17)) | J11: =I11-H11 | K11: =IF(D11="Москва","не нужны","14 окт / 17 окт")
A12: 7 | B12: Шеленкова Екатерина | C12: HR | D12: Москва | E12: Да | F12: Да | G12: Да | H12: 46308 | I12: =IF(D12="Москва",DATE(2026,10,16),DATE(2026,10,17)) | J12: =I12-H12 | K12: =IF(D12="Москва","не нужны","14 окт / 17 окт")
A13: 8 | B13: Носенко Вячеслав | C13: Маркетинг | D13: Москва | E13: Да | F13: Да | G13: Да | H13: 46308 | I13: =IF(D13="Москва",DATE(2026,10,16),DATE(2026,10,17)) | J13: =I13-H13 | K13: =IF(D13="Москва","не нужны","14 окт / 17 окт")
A14: 9 | B14: Панин Александр * | C14: Клиентский сервис | D14: Москва | E14: Да | F14: Да | G14: Да | H14: 46308 | I14: =IF(D14="Москва",DATE(2026,10,16),DATE(2026,10,17)) | J14: =I14-H14 | K14: =IF(D14="Москва","не нужны","14 окт / 17 окт") | L14: * возможны изменения вводных, требуется согласование
A15: 10 | B15: Чернышева Екатерина | C15: Юридический | D15: Москва | E15: Да | F15: Да | G15: Да | H15: 46308 | I15: =IF(D15="Москва",DATE(2026,10,16),DATE(2026,10,17)) | J15: =I15-H15 | K15: =IF(D15="Москва","не нужны","14 окт / 17 окт")
A16: 11 | B16: Белов Павел | C16: Стратегические коммуникации (PR) | D16: Москва | E16: Да | F16: Да | G16: Да | H16: 46308 | I16: =IF(D16="Москва",DATE(2026,10,16),DATE(2026,10,17)) | J16: =I16-H16 | K16: =IF(D16="Москва","не нужны","14 окт / 17 окт")
A17: 12 | B17: Зырянова Анна | C17: Директор по орг. развитию | D17: Москва | E17: Да | F17: Да | G17: Да | H17: 46308 | I17: =IF(D17="Москва",DATE(2026,10,16),DATE(2026,10,17)) | J17: =I17-H17 | K17: =IF(D17="Москва","не нужны","14 окт / 17 окт") | L17: Выходит на работу 01.10.2026
A18: СО 2-ГО ДНЯ · 15–16 ОКТЯБРЯ · ЗАЕЗД В ОТЕЛЬ 14 ОКТЯБРЯ
A19: 13 | B19: Лопатина Александра | C19: Продажи (пластик) | D19: Москва | E19: Нет | F19: Да | G19: Да | H19: 46309 | I19: =IF(D19="Москва",DATE(2026,10,16),DATE(2026,10,17)) | J19: =I19-H19 | K19: =IF(D19="Москва","не нужны","14 окт / 17 окт")
A20: 14 | B20: Волкова Екатерина | C20: Партнёрский | D20: Москва | E20: Нет | F20: Да | G20: Да | H20: 46309 | I20: =IF(D20="Москва",DATE(2026,10,16),DATE(2026,10,17)) | J20: =I20-H20 | K20: =IF(D20="Москва","не нужны","14 окт / 17 окт")
A21: 15 | B21: Коломиец Даниил * | C21: Реферальный | D21: Москва | E21: Нет | F21: Да | G21: Да | H21: 46309 | I21: =IF(D21="Москва",DATE(2026,10,16),DATE(2026,10,17)) | J21: =I21-H21 | K21: =IF(D21="Москва","не нужны","14 окт / 17 окт") | L21: * возможны изменения вводных, требуется согласование
A22: 16 | B22: Горбашёва Алёна | C22: Маркетинг (блогеры) | D22: Москва | E22: Нет | F22: Да | G22: Да | H22: 46309 | I22: =IF(D22="Москва",DATE(2026,10,16),DATE(2026,10,17)) | J22: =I22-H22 | K22: =IF(D22="Москва","не нужны","14 окт / 17 окт")
A23: 17 | B23: Калабин Илья | C23: Маркетинг (перфоманс) | D23: Москва | E23: Нет | F23: Да | G23: Да | H23: 46309 | I23: =IF(D23="Москва",DATE(2026,10,16),DATE(2026,10,17)) | J23: =I23-H23 | K23: =IF(D23="Москва","не нужны","14 окт / 17 окт") | L23: Переведён с 3-го дня на 2-й (23.09.2026)
A24: 18 | B24: Очкаленко Вероника | C24: ОКК | D24: Москва | E24: Нет | F24: Да | G24: Да | H24: 46309 | I24: =IF(D24="Москва",DATE(2026,10,16),DATE(2026,10,17)) | J24: =I24-H24 | K24: =IF(D24="Москва","не нужны","14 окт / 17 окт")
A25: 19 | B25: Мустафин Марат | C25: ИТ | D25: Санкт-Петербург | E25: Нет | F25: Да | G25: Да | H25: 46309 | I25: =IF(D25="Москва",DATE(2026,10,16),DATE(2026,10,17)) | J25: =I25-H25 | K25: =IF(D25="Москва","не нужны","14 окт / 17 окт") | L25: Билеты куплены на 7 и 10 окт — поменять на 14 и 17 окт
A26: 20 | B26: Судьбин Данила | C26: ИТ (разработка) | D26: Москва | E26: Нет | F26: Да | G26: Да | H26: 46309 | I26: =IF(D26="Москва",DATE(2026,10,16),DATE(2026,10,17)) | J26: =I26-H26 | K26: =IF(D26="Москва","не нужны","14 окт / 17 окт")
A27: 21 | B27: Павлова Мария | C27: Продуктовый | D27: Санкт-Петербург | E27: Нет | F27: Да | G27: Да | H27: 46309 | I27: =IF(D27="Москва",DATE(2026,10,16),DATE(2026,10,17)) | J27: =I27-H27 | K27: =IF(D27="Москва","не нужны","14 окт / 17 окт") | L27: Билеты куплены на 7 и 10 окт — поменять на 14 и 17 окт
A28: 22 | B28: Назаренко Артём | C28: Продуктовый | D28: Москва | E28: Нет | F28: Да | G28: Да | H28: 46309 | I28: =IF(D28="Москва",DATE(2026,10,16),DATE(2026,10,17)) | J28: =I28-H28 | K28: =IF(D28="Москва","не нужны","14 окт / 17 окт") | L28: Добавлен 24.09.2026 по просьбе И. Головко
A29: 23 | B29: Давыдов Денис | C29: Техническая поддержка (руководитель) | D29: Москва | E29: Нет | F29: Да | G29: Да | H29: 46309 | I29: =IF(D29="Москва",DATE(2026,10,16),DATE(2026,10,17)) | J29: =I29-H29 | K29: =IF(D29="Москва","не нужны","14 окт / 17 окт") | L29: Добавлен 25.09.2026; в штатке пока нет — должность и город со слов
A30: ТОЛЬКО 3-Й ДЕНЬ · 16 ОКТЯБРЯ · ЗАЕЗД В ОТЕЛЬ 15 ОКТЯБРЯ
A31: 24 | B31: Кирюхин Артём | C31: Маркетинг (SMM) | D31: Москва | E31: Нет | F31: Нет | G31: Да | H31: 46310 | I31: =IF(D31="Москва",DATE(2026,10,16),DATE(2026,10,17)) | J31: =I31-H31 | K31: =IF(D31="Москва","не нужны","14 окт / 17 окт")
A32: 25 | B32: Абдулганиева Зарема | C32: Финансовый | D32: Москва | E32: Нет | F32: Нет | G32: Да | H32: 46310 | I32: =IF(D32="Москва",DATE(2026,10,16),DATE(2026,10,17)) | J32: =I32-H32 | K32: =IF(D32="Москва","не нужны","14 окт / 17 окт")
A33: 26 | B33: Абдуллаев Магамед | C33: Продуктовый (delivery) | D33: Москва | E33: Нет | F33: Нет | G33: Да | H33: 46310 | I33: =IF(D33="Москва",DATE(2026,10,16),DATE(2026,10,17)) | J33: =I33-H33 | K33: =IF(D33="Москва","не нужны","14 окт / 17 окт")
A34: 27 | B34: Соболев Станислав | C34: Стратегические партнёрства (BDM) | D34: Москва | E34: Нет | F34: Нет | G34: Да | H34: 46310 | I34: =IF(D34="Москва",DATE(2026,10,16),DATE(2026,10,17)) | J34: =I34-H34 | K34: =IF(D34="Москва","не нужны","14 окт / 17 окт")
A35: 28 | B35: Ермохин Максим | C35: Стратегические коммуникации (PR) | D35: Москва | E35: Нет | F35: Нет | G35: Да | H35: 46310 | I35: =IF(D35="Москва",DATE(2026,10,16),DATE(2026,10,17)) | J35: =I35-H35 | K35: =IF(D35="Москва","не нужны","14 окт / 17 окт")
A36: + | B36: Федорович Дарья | C36: Внешний фасилитатор (вне состава) | D36: Москва | E36: Да | F36: Да | G36: Да | H36: 46308 | I36: 46311 | J36: =I36-H36 | K36: не нужны | L36: В число 28 участников не входит; 29-й номер
A38: * — возможны изменения вводных, требуется дополнительное согласование.
A39: Заезд и город — вводные (редактируются). Выезд, ночи и билеты считаются формулами: москвичи выезжают 16 окт, иногородние — 17 окт.
A40: Правило: заселение за день до начала участия; москвичи выселяются в последний день участия (16 окт), иногородние — на следующий день (17 окт).

Sheet Сводка
A1: Сводка — участники, билеты, отель
A2: Участники | D2: Номеров занято по ночам
A3: Всего участников | B3: =COUNTIF('Состав'!$D$5:$D$35,"?*") | D3: Ночь | E3: Участники | F3: С фасилитатором | G3: Дата ночи
A4: Из Москвы | B4: =COUNTIF('Состав'!$D$5:$D$35,"Москва") | D4: 13/14 | E4: =COUNTIFS('Состав'!$H$5:$H$35,"<="&G4,'Состав'!$I$5:$I$35,">"&G4) | F4: =COUNTIFS('Состав'!$H$5:$H$36,"<="&G4,'Состав'!$I$5:$I$36,">"&G4) | G4: 46308
A5: Иногородние | B5: =B3-B4 | D5: 14/15 | E5: =COUNTIFS('Состав'!$H$5:$H$35,"<="&G5,'Состав'!$I$5:$I$35,">"&G5) | F5: =COUNTIFS('Состав'!$H$5:$H$36,"<="&G5,'Состав'!$I$5:$I$36,">"&G5) | G5: 46309
A6: Комплектов билетов | B6: =COUNTIF('Состав'!$K$5:$K$35,"<>не нужны") | D6: 15/16 | E6: =COUNTIFS('Состав'!$H$5:$H$35,"<="&G6,'Состав'!$I$5:$I$35,">"&G6) | F6: =COUNTIFS('Состав'!$H$5:$H$36,"<="&G6,'Состав'!$I$5:$I$36,">"&G6) | G6: 46310
A7: Участие по дням | D7: 16/17 | E7: =COUNTIFS('Состав'!$H$5:$H$35,"<="&G7,'Состав'!$I$5:$I$35,">"&G7) | F7: =COUNTIFS('Состав'!$H$5:$H$36,"<="&G7,'Состав'!$I$5:$I$36,">"&G7) | G7: 46311
A8: 14 окт | B8: =COUNTIF('Состав'!$E$5:$E$35,"Да") | D8: Пик (с фасилитатором) | F8: =MAX(F4:F7)
A9: 15 окт | B9: =COUNTIF('Состав'!$F$5:$F$35,"Да") | D9: Пик приходится на ночь с 15 на 16 октября; в ночь с 16 на 17 остаются только иногородние.
A10: 16 окт | B10: =COUNTIF('Состав'!$G$5:$G$35,"Да")
A11: Человеко-ночи | D11: Билеты
A12: Участники | B12: =SUM('Состав'!$J$5:$J$35) | D12: ФИО | E12: Откуда | F12: Туда | G12: Обратно
A13: Фасилитатор | B13: ='Состав'!J36 | D13: Мустафин Марат | E13: Санкт-Петербург | F13: 14 окт → Москва | G13: 17 окт → СПб
A14: Всего | B14: =B12+B13 | D14: Павлова Мария | E14: Санкт-Петербург | F14: 14 окт → Москва | G14: 17 окт → СПб
D15: Билеты были куплены на 7 и 10 октября — нужно поменять на 14 и 17 октября.
D17: Для сравнения: июль 2026 — номера по ночам 10 / 18 / 27 / 7, ≈62 человеко-ночи при составе 27 (из сводки HR).

Sheet Изменения
A1: Журнал изменений состава
A3: Дата | B3: Тип | C3: ФИО | D3: Суть
A4: 15.09.2026 | B4: Снят | C4: Божко Анастасия | D4: Клиентский сервис L1, Вологда
A5: — | B5: Снят | C5: Слёзка Ирина | D5: Реферальный — отпуск на прежние даты 7–9 окт
A6: — | B6: Снят | C6: Слёзка Дмитрий | D6: Партнёрский — отпуск на прежние даты 7–9 окт
A7: 21.09.2026 | B7: Снят | C7: Мартыненко Алексей | D7: Управление, COO, Санкт-Петербург
A8: 23.09.2026 | B8: Изменено участие | C8: Калабин Илья | D8: С 3-го дня переведён на 2-й: 15–16 окт, заезд 14 окт, 2 ночи
A9: 24.09.2026 | B9: Добавлен | C9: Назаренко Артём | D9: Продуктовый, менеджер по продукту (в штате с 21.09.2026), со 2-го дня — по просьбе И. Головко
A10: 25.09.2026 | B10: Перенос | C10: — | D10: Сессия перенесена с 7–9 на 14–16 октября; Сколково перенесло зал и номера без штрафов
A11: 25.09.2026 | B11: Снят | C11: Попова Ксения | D11: HR
A12: 25.09.2026 | B12: Добавлен | C12: Шияфетдинов Дамир | D12: Управление (CDO), все три дня, заезд 13 окт, 3 ночи
A13: 25.09.2026 | B13: Добавлен | C13: Давыдов Денис | D13: Руководитель техподдержки, со 2-го дня, заезд 14 окт, 2 ночи
A14: 25.09.2026 | B14: Уточнение | C14: Печенев Андрей | D14: Должность приведена к штатке: ИИ-директор
